date,equity_return,vol_move,rate_move_bps,fx_return
2022-01-03,0.00021599199364727347,-0.003928928810867827,-8.527918178890689,0.008499469105296335
2022-01-04,0.004083691987610108,-0.004821285683415136,11.512029404379028,0.0004212480908418976
2022-01-05,-0.0033637921197088284,-0.020385899228748533,3.5489048671058914,0.003876779815855837
2022-01-06,-0.011377693903844563,0.0064373329312806945,12.522112184567392,0.0044984756869887645
2022-01-07,-0.005710720207232393,-0.03046504311116395,5.578200544252159,0.009325260696957412
2022-01-10,-0.01269140521495401,-0.0058647518561174405,10.427451663393036,-0.006308710492019495
2022-01-11,0.0009818668337667003,-0.07592193761090832,-1.739412678114767,0.007087227903096181
2022-01-12,0.017622798192208935,-0.0261564593318363,5.02012565569832,-0.0022513680098319245
2022-01-13,-0.006198684741167285,0.15963895289648755,18.938544586566184,-0.0046065659014532115
2022-01-14,-0.007866173697659224,-0.004871581957336277,-8.564741231240703,0.000616034591169343
2022-01-17,0.006567946652407577,-0.016706239534023407,8.23388268544955,-0.0012860657195203008
2022-01-18,0.004839531106080789,0.03726619953735369,11.885609528883547,-0.005924957870272945
2022-01-19,0.0015703852369726814,0.04956852751924235,2.947893043965936,-0.00958398256881025
2022-01-20,-0.011896084581206659,-0.07796382014204514,5.356487050018162,-0.005652569387411281
2022-01-21,-0.00018027369202255534,-0.014501114796227156,8.957441273991364,0.008714143353976534
2022-01-24,0.009238941527957742,0.06427930886543357,-4.692066161758277,0.011775417020682832
2022-01-25,-0.017274789114706066,0.01888863403504739,2.921882097007242,0.0039006986761447007
2022-01-26,-0.005749004893522837,0.008536783045124036,-6.216034549331272,0.007115552789469617
2022-01-27,-0.024515895617410972,0.10878123680261134,-4.838729289249971,-0.0031009977935424443
2022-01-28,-0.01656399061720469,-0.04744409317477507,-4.420939219281083,-0.0004629100504906336
2022-01-31,-0.02374255549129252,0.005792212657534322,-1.0238779088453498,0.0016965883936799636
2022-02-01,-0.0028561847039708563,-0.036404106567855,1.0484294693842422,-0.006487737509435097
2022-02-02,-0.01627680425876814,0.10432157603533687,3.241232169130203,-0.005939665001162079
2022-02-03,0.0037264366646821197,-0.13663022794935728,-10.15636082870749,0.0005830638402311414
2022-02-04,0.002237764126114927,-0.04690991868386317,14.187427952883805,-0.0019218235614465
2022-02-07,-0.0022301022801894067,-0.037040987621954236,8.284702697293833,-0.00638134067723532
2022-02-08,-0.03251787624066667,0.0464477736220113,5.204939385749301,0.002319192775637691
2022-02-09,-0.006803007646006276,0.042439283327666895,-2.5657127412469514,-0.0015796758028579568
2022-02-10,-0.00043051229021393576,0.09766359821671121,-0.6391466671396157,0.006128123705157315
2022-02-11,0.0016730168180429984,-0.11018229896361278,3.928164944432791,-3.10866109068973e-05
2022-02-14,-0.019691764951570115,0.052533250632133585,2.9500799047669903,-0.0018018387547175726
2022-02-15,-0.006010792588441098,-0.02052959050018143,-12.047437066537771,0.0007660391080854964
2022-02-16,-0.012520748014736313,-0.046593766608072296,5.31495484989044,-0.0010319007239933738
2022-02-17,-0.01031488411253279,0.03776979733607647,20.917733118823154,-0.004008276286148444
2022-02-18,0.013991682104019023,-0.0644097707914954,-13.253029651064677,-0.0024117365144922537
2022-02-21,-0.010297950779314653,-0.1453839306720026,7.137743351438644,0.004496514251924795
2022-02-22,-0.00022278216429176775,-0.02591529422458447,2.6495138255316997,0.003879100300793833
2022-02-23,0.011697068275981262,-0.10484395961493326,-0.8009065379807796,0.007717366856184551
2022-02-24,-0.007386805625662926,-0.04542410747494749,9.849110180156181,-0.010157963659678153
2022-02-25,-0.001252125344594075,0.02600883346257705,-8.495174191561485,-0.0023585440735398706
2022-02-28,0.0016360338622432478,0.02183998219299106,1.1696649494495905,-0.002487452070295325
2022-03-01,0.0010291630653158055,0.11108296142849969,10.513682563497852,0.0010306350738467519
2022-03-02,-0.015725725743430015,-0.01397583228604407,-1.4146898138278163,-0.0027129435473992295
2022-03-03,0.0011898229949011052,-0.10733321133834987,-3.0048412311859938,-0.0030790980459722557
2022-03-04,0.017864704482639986,-0.05292677996449748,0.8258405567856322,0.004697849540740795
2022-03-07,-0.019912880815670272,-0.06435689572383903,-3.1972874360337933,0.0010685250920165763
2022-03-08,0.011371974944280777,-0.08524776109207745,11.124181112055197,-0.006998184134877754
2022-03-09,0.0017516023340555561,0.030475703651080863,-6.522934415698099,0.008007037926930685
2022-03-10,-0.008139115123393877,-0.04516626365756679,6.278518892314015,0.0059805123018516785
2022-03-11,0.026205415102451494,-0.13841609716809056,-9.006786596965032,-0.0034437578810123247
2022-03-14,0.010109376257101253,0.04878459621834492,4.813006819052948,0.004987682492516045
2022-03-15,-0.015390755727367903,-0.007799859809469492,-0.754596287027584,-0.004410979439718305
2022-03-16,0.0011687109740290244,0.024978609484677703,-18.586133799253158,0.0067541904627825555
2022-03-17,0.007696964587712408,0.007400508128998805,-0.04300207347612686,-0.00130698744052892
2022-03-18,-0.0022541676295597408,0.04421583139038623,-7.677486188919766,-0.004817054372536011
2022-03-21,0.009077833473537678,0.0026613122910875008,-3.1974705881560572,-0.002238626374900381
2022-03-22,-0.0006647251619424023,0.08653417384347481,11.070862590544673,-0.0045949822229019235
2022-03-23,0.008874218290846263,0.02974879529840579,-8.040067609284671,0.0011528379759558273
2022-03-24,0.018900793691529975,0.027444733637188242,-7.6296529800861315,0.0010506314024272322
2022-03-25,-0.008583609263073486,0.02869068423777896,10.366179998102602,0.00021481779166909333
2022-03-28,0.0028408019350649174,-0.10196464197981041,0.8343784432773761,-0.0033396926739700326
2022-03-29,-0.005822998494999397,-0.011524502626260395,11.093116423140966,-0.021966490861240754
2022-03-30,0.0018544893459358008,-0.018152154268464848,2.3282516188112337,0.0005570136919364086
2022-03-31,-0.015233528862051817,0.014528270481233896,-6.3494527012448705,-0.01137740626762154
2022-04-01,-0.007330920754534752,-0.09510859150074043,-0.4771716029871682,0.001465130109414029
2022-04-04,-0.002350547646458457,0.11438803438250378,8.848899013130604,0.006784762438333462
2022-04-05,0.011883930337305301,0.0073072064909569055,6.7725365739579395,0.0016433138315083465
2022-04-06,0.015087886096903714,-0.08479222784554719,0.006380724530648892,-0.0023366195697054628
2022-04-07,-0.017005861302295314,-0.11962208745051865,0.35100569498702344,-0.0010792656231425116
2022-04-08,-0.010130350757831643,-0.019690110560446814,-0.8099030808062495,-0.0007983757614813074
2022-04-11,0.008609744493454483,-0.006277278904852605,-4.16267019872439,-0.003295449755870313
2022-04-12,-0.025701457194268428,-0.05028044601820729,13.901158245626007,-0.003502736961354008
2022-04-13,-0.00582120824438077,0.006447967954674612,0.051752191154157266,-0.0055433757876103
2022-04-14,-0.0010647300337111572,-0.044882303706769246,-8.140363831546585,0.007128973479982519
2022-04-15,0.016541194704728656,0.038616077619440914,-3.4329228403210212,-9.331963912872409e-05
2022-04-18,0.009162250707419823,-0.05071792728722186,5.227739025349684,0.005737628374162548
2022-04-19,-0.0040537744628885725,-0.002695015757344767,4.616916023148084,-0.0015003062552694884
2022-04-20,-0.004591486623299469,0.0685187421353497,-0.9869932427124404,0.00043300650038651325
2022-04-21,-0.0030525402067330238,0.1800168218037205,-4.810798696443555,-0.0010222958789010822
2022-04-22,0.02000588220593008,-0.07053502348414248,0.1720748465784333,0.0027770163301633418
2022-04-25,-0.005364324253447274,-0.03251554390609695,-12.044812850371086,0.0049598139169224975
2022-04-26,-0.0037478450487414814,-0.05878849884599543,-9.369102505289955,0.001438227727780254
2022-04-27,0.004783657874708449,0.05490298252384925,5.749797158976731,-0.004042896991812281
2022-04-28,-0.0013700157861239164,-0.08036695140022944,-3.4493815636864795,-0.004679722961698124
2022-04-29,-0.002364694963554393,-0.03390499319151606,2.698387537249005,0.00995502322740469
2022-05-02,-0.01428287286096373,-0.0020720898266257193,8.76814773149618,-0.0016802260532849443
2022-05-03,5.0220915498873776e-05,-0.0685074977635821,4.675387447498895,-0.0017466129015409454
2022-05-04,-0.005566555898667449,-0.0670127529616427,0.1483275732267968,0.00879004444738411
2022-05-05,0.015359661090472895,-0.03329360216853055,15.315873051714984,0.006527166927648594
2022-05-06,0.00869015053511513,-0.1470308168236152,4.805491574888632,0.0032030276275802987
2022-05-09,-0.000113866969129119,-0.1011834751951334,-2.551222407593877,-0.0023963792124868807
2022-05-10,0.00888895330247547,-0.028912386145522204,5.26887708519819,0.014119185552025243
2022-05-11,-0.004218304172270942,0.01037614454393993,2.935425457277383,0.0023578427256597885
2022-05-12,0.01387764265955031,-0.013003199016751543,-6.159901805969249,0.0032819128718288965
2022-05-13,0.00012980571126885413,-0.12417780863875762,0.5251064285423737,-0.0010266367899933783
2022-05-16,0.00778397060434538,-0.032465040423199844,-1.1873694027395756,-0.008485844658466506
2022-05-17,-0.016581612189205334,0.05589063483543235,-14.150866405924091,-0.008008572390142556
2022-05-18,0.004706840635419586,0.03891058583939255,-1.2407602008940664,0.002441869150419311
2022-05-19,-0.02174665352576504,-0.0055123503069484095,-2.037387423329361,0.0023509765807282795
2022-05-20,-0.02625927628421912,-0.062115891256874244,-3.1544753451720435,-0.001439989943829583
2022-05-23,-0.003758199410248684,0.04418514596665441,-11.837677587341439,-0.007030102756730366
2022-05-24,-0.011499058898781738,-0.04052502868469627,-2.5525501277575144,-0.008649947175361184
2022-05-25,0.002332686344258893,-0.0818473881731813,-0.2856146350716954,-0.0019671039859473316
2022-05-26,0.029381836144318642,-0.056153036461325224,0.7335687849602192,-0.008736767591895147
2022-05-27,-0.010612401358357062,0.1013841704241907,-8.171517203201153,0.005393492015687172
2022-05-30,-0.007911266623770776,0.015412602674118524,4.551586613636493,0.00691598869080034
2022-05-31,0.0028702512988410854,0.08114729371333934,-8.747699509242697,0.016974204978559858
2022-06-01,0.006609172788360632,-0.03355354193165576,-1.610288505661396,0.005269904710404665
2022-06-02,-0.0020932788567748564,0.06567045374296002,9.391611043197083,-0.0035570976291848504
2022-06-03,-0.002477094293291814,-0.04210528305326538,-4.982301114062619,-0.005229989915430587
2022-06-06,0.009332018416567075,-0.011019915832298135,-3.675011745781515,-0.020710368533557618
2022-06-07,0.006958799281440679,0.17404451819689853,7.72347154136303,-0.003569334831011421
2022-06-08,-0.013237785816957953,0.053700404260973215,-2.7629944637223733,-0.0010618432636366037
2022-06-09,-0.0008293571420059438,-0.03508192627293848,-2.1367946960185966,0.005806843542210083
2022-06-10,0.0006587290325991638,-0.005937332731870389,1.591510795068005,0.0036696009191220687
2022-06-13,-0.013508300086638435,0.02283563946199512,7.548933745462675,0.003530098442278615
2022-06-14,0.0035779083087667234,0.08473203126611333,-15.85238137669528,0.0012817656192932916
2022-06-15,-0.01095343420329507,-0.03423931641691052,-5.9581980677387385,0.00396546018259508
2022-06-16,0.012836867202921556,-0.12189233592231356,-7.244394085697779,0.008685600008783823
2022-06-17,0.002705696863865941,-0.019574926918841523,-7.8008943675841795,-0.006389261333075947
2022-06-20,0.0013609843149976538,0.0010769820014629604,-6.144484327412972,-0.002743802308375018
2022-06-21,-0.007483368587131562,0.0076676578114668,-6.030838162336621,-0.008331189388886074
2022-06-22,-0.0013419277104100222,0.09216830953278637,2.1645123584016392,0.009711961859406017
2022-06-23,-0.025770701807791712,0.022168095481414976,-6.384893868301736,0.007781214739368259
2022-06-24,-0.01450829711679976,0.05690418801451893,0.8790899457301121,0.004513704980884692
2022-06-27,0.004916917389453806,-0.07707795857473618,2.879944024103286,-0.007191308517142393
2022-06-28,-0.02747137154368788,0.06075310418971835,-5.23637226477313,0.0010376688209735427
2022-06-29,0.011205910779255123,0.1467353882159399,0.9371332278937663,-0.001407836158539206
2022-06-30,-0.022499254179860814,0.05410365031751246,11.742633808122571,0.0004849622915266774
2022-07-01,0.010037600534635479,0.017748900395850233,2.3103777494847577,-0.0011287087776720452
2022-07-04,-0.010791461427431212,0.010779173188542022,-4.570855967019373,0.003119716948655726
2022-07-05,0.010326884096451995,0.12509995673182023,-0.4656442775540274,-0.0023690392138513605
2022-07-06,0.0019023656986023975,-0.06490270383736041,-6.565594229545132,0.0051274230365437315
2022-07-07,-0.019778854223789354,-0.0077771650567835,1.9399535215298298,0.001448369149519179
2022-07-08,0.01643893374425991,0.03221453150567495,6.177143976131391,-0.001758457033331393
2022-07-11,0.018942193021793948,0.05208007754692393,-5.8656100632658585,-0.0006711202015457963
2022-07-12,-0.0006554637780026922,-0.030612953399587015,-1.4976068469622368,-0.0026435244655605
2022-07-13,-0.003360911538240164,0.021512497630906482,7.961072987376002,0.004883304283582937
2022-07-14,-0.0018782705576182723,-0.019454503694578563,-3.5593999643487693,-0.0016287869098145999
2022-07-15,-0.0124769801961237,0.008432979296089571,1.344717521071713,0.0017693423826970617
2022-07-18,0.01448162787683993,-0.009246407826172707,-7.322915600383446,-0.002354427530848032
2022-07-19,-0.006857595112492429,-0.07991155744988848,-5.857500440700775,-0.008910611252485512
2022-07-20,-0.0004654753649917955,-0.0014779509516412701,-3.6642423269489797,0.005436626432254587
2022-07-21,-0.010112853241639566,0.0614006065443285,15.234240162500058,-0.006348759076890523
2022-07-22,-0.007938950296362563,-0.06769128040791719,-2.8633509893556606,0.004074965810480145
2022-07-25,-0.016410426971465216,-0.01687642241423842,-3.709710802487359,0.0025209166553429698
2022-07-26,0.016541901078287104,0.0465346045120004,-3.942354699339973,-0.009936200646085937
2022-07-27,-0.0018031384516781711,-0.07489055747230212,-1.1592164784079104,-0.005668089392518457
2022-07-28,0.012756981043474516,0.0127846836255711,4.591510828470476,-0.0030846038415443333
2022-07-29,0.00037321975987237687,-0.07420908732674056,1.3264330590247084,-0.0049243082534453815
2022-08-01,-0.008827245860137624,0.07942413505836424,14.404702722902769,-0.0070924244153196155
2022-08-02,-0.004046908380029278,0.16189749673159037,1.496561127130373,0.004440574079392364
2022-08-03,-0.007083003656537694,0.14155786989720348,10.131829045495987,-0.0014370324095744626
2022-08-04,0.0003034682894038776,-0.015342647444119631,1.936977812174018,0.002314143479921491
2022-08-05,-0.004678468915800424,0.051813939011843856,4.239070489132136,-0.0025830507241006366
2022-08-08,-0.0036989823072433783,0.00846984099501092,-10.105199577993195,0.001831971459025962
2022-08-09,-0.01772147089376688,0.007147412724849923,-0.8894161369742504,-0.0045069053980581
2022-08-10,-0.010288997059074566,0.10834299426564813,-0.4826341844015906,-0.000159100648189147
2022-08-11,0.021702748134405588,-0.0923425703328908,-1.7006990482823008,0.003491074762292835
2022-08-12,-0.008526031811272324,0.07387062182262805,-15.07015039033607,0.00027043688937033035
2022-08-15,-0.013503219239105406,-0.0034283196609013996,6.164371233108597,-0.0027426614136172797
2022-08-16,0.004585242323475401,0.09859784344228996,-2.7100523077752703,-0.006519998986699973
2022-08-17,0.018494538594234916,0.01310633582296103,-3.0664992557242092,0.0010057977719609124
2022-08-18,-0.018702315932255704,-0.04708703961683298,-1.7862002272811062,0.002069673031233224
2022-08-19,-0.0025107840272665183,0.019399826372596823,-1.5965543221210579,-0.0015501566990946424
2022-08-22,-0.0080166832011538,0.051517696652077845,2.849688945521255,-0.00461592198552717
2022-08-23,-0.022693253166256238,0.002503457187783587,-8.89722576095685,0.0032554982016898583
2022-08-24,0.00975404722035909,0.03416267935896186,-6.5172943984189775,0.014890382653018393
2022-08-25,-0.00010477094121298043,-0.03651726229913881,2.034433071295797,-0.0018147718755329968
2022-08-26,0.0011287439758038695,-0.14937187305915514,1.0190796792425438,0.002020436668566655
2022-08-29,-0.009580049141792658,0.06300165086413395,-2.6365836623611276,0.0022643578969874733
2022-08-30,0.006112194118959915,0.048941181532900224,-4.017386839486877,-0.015398789181856583
2022-08-31,-0.006810865543335173,0.010372486923003353,-5.840972922189487,0.0007431740722892602
2022-09-01,-0.0016577417104578888,0.004788739354722638,-0.4084861472696823,-0.004239112213945608
2022-09-02,-0.014207390298359669,0.0725407038548316,8.265127312340109,0.008308127903101297
2022-09-05,-0.015609335882706537,-0.03199747078335924,-7.406355259653362,-0.0015239149265520407
2022-09-06,0.01756191411890029,-0.04945738457509629,10.663226326551138,-0.004665214836445469
2022-09-07,-0.006392361159000178,-0.01319849086471902,5.907870257662998,-0.0013109960164669416
2022-09-08,0.003991844632625425,0.08323680319860721,-3.1707461611695718,0.00099936634854375
2022-09-09,-0.0002392756519758401,-0.09709790329851396,5.4815241282416025,-0.0033594334233705224
2022-09-12,-0.005534887635908394,0.0834280994829806,-10.261323918034611,-0.0003159766760564429
2022-09-13,-0.006403492614383854,-0.04474769979438599,-12.121024616128686,-0.008124958989256153
2022-09-14,0.008391073688792619,-0.07705204498068155,-9.028475793058258,-0.0013515206814544726
2022-09-15,-0.003724278858940827,0.08820432852996232,-2.8682252571993425,0.004654037256518566
2022-09-16,-0.0017687674262267961,-0.0067823066357336325,-2.277869782647769,0.011815033654008662
2022-09-19,0.0004888802435282336,-0.09101640550694463,-3.60599691999869,0.004239089206258765
2022-09-20,0.01549460816327602,-0.02511131413395034,0.6959588339532919,0.0016316031593515703
2022-09-21,0.009046642670230797,0.06517367016209259,-14.946077354030763,0.007102595147606616
2022-09-22,0.005173803480463906,0.08344519348352412,3.4674458444608094,0.006114651959760463
2022-09-23,-0.007126428113592142,-0.02989690773447355,-9.93510405224632,0.00998305620964125
2022-09-26,-0.017765593360084053,0.02844245313680925,-4.62595423657724,0.006495935123093135
2022-09-27,0.012543889112558926,0.04998592426761009,-2.8899532640509946,-0.0007071814881089992
2022-09-28,0.01276381274487139,-0.04512385456014488,-8.093474457197381,0.0015506856758054507
2022-09-29,-0.0016292091886034236,0.024852525261651038,-9.596997680463119,0.001074967529985197
2022-09-30,0.007244489940845734,-0.002231454032889279,-7.042571656500152,0.0018128352210309473
2022-10-03,0.010358759700510265,-0.03752170873311654,-0.0834654949882502,0.001201926534240811
2022-10-04,0.011005397884644762,-0.034450355476524745,4.129875253416064,-0.004694572786828547
2022-10-05,0.01217798515220412,0.004692413730704765,3.949646243927627,-0.012621815331680629
2022-10-06,-0.005723029458594726,0.002089744087104299,-6.961437267893439,-0.004030071671217885
2022-10-07,0.019894648774641328,-0.03958429673270362,-5.541040037483685,-0.012156206930205887
2022-10-10,-0.016005709757714207,-0.029816157588011198,-6.444222152549497,0.00040775464429444985
2022-10-11,0.011402400000917438,0.07793360668382365,3.1486861846753427,2.7218328919420684e-05
2022-10-12,0.0066211170273998594,0.014967899462388851,-14.261941263629865,-0.010053447021378953
2022-10-13,0.01155704847581853,0.061956605661179776,8.6683748240756,0.004129009002767637
2022-10-14,0.02462710799225758,0.08412755623561943,-3.3936341270276427,0.005201148508291328
2022-10-17,0.019497791153922434,0.04121895817476841,-5.484674046602682,0.0005751107345595631
2022-10-18,-0.014687299793461223,0.15896204193677027,2.376176571352945,0.010005997811079193
2022-10-19,-0.02175273054348214,-0.057771282223472664,7.228333385744468,0.011229993262714713
2022-10-20,0.010819557767699356,0.056588671515760455,2.3980827981944817,-0.007235963977837495
2022-10-21,-0.012995161406386999,-0.022270078112176423,7.36921120123029,0.006220230862806362
2022-10-24,3.872994758232713e-05,0.12990482843598947,0.9405117165763638,0.002645087272282719
2022-10-25,0.011116457201067522,0.1190308084974697,8.607470239954132,0.002509918659280342
2022-10-26,-0.02116936556541262,-0.13679478274047185,8.716120270330872,0.005606685105878912
2022-10-27,-0.02722974590602322,-0.06782063697583163,-0.6963515253244552,-0.004315006775750481
2022-10-28,0.003570887264383951,0.04650190375560393,10.074441215488672,-0.003554234599350132
2022-10-31,0.0007770165649728615,0.05529070469191334,1.1531359091944855,-0.004960032672572009
2022-11-01,-0.0029954399279649925,0.05155949513114938,0.6082525421141927,-0.004529414240173931
2022-11-02,0.0007009519290128361,-0.004960572972134003,-6.450315693131755,-0.0005910704050749445
2022-11-03,-0.010986702895774636,0.03185845771944338,-2.0214600405103598,-0.008710945009350376
2022-11-04,-0.019475427294537388,0.045711500505042635,5.443079220905078,-0.006274364261938295
2022-11-07,-0.001966513061444182,-0.005450988867612675,-9.188528368154838,0.0034651697343652172
2022-11-08,-0.012432212983642091,0.071911137785314,4.547368065276921,-0.0004257762911388211
2022-11-09,-0.02116525719134439,-0.15816480743763323,2.44031165888625,0.002297728745388481
2022-11-10,0.006773853928112596,0.044365546369899464,1.9429299137508422,-0.011335562899284907
2022-11-11,-0.0005981821694882854,-0.07238368286000084,-15.445445367967773,-0.004703119596960777
2022-11-14,0.00548487097622658,0.06710744655785725,-0.7227004374421908,-0.0033325359164383794
2022-11-15,-0.012660834238537179,-0.01600790974238401,4.5378200538366995,0.00019520888854257458
2022-11-16,-0.00835476429387655,-0.06221510897588173,-5.340684698427269,-0.003517705029924823
2022-11-17,-0.012787559353862152,0.026173150972097037,0.632146893684481,0.005599287759038559
2022-11-18,-0.011326344271754624,-0.06379334484920367,-16.646512883477534,-0.0003496566974007089
2022-11-21,0.0027403029307422277,-0.06389375282887759,4.6997512540192785,0.00010208496358548847
2022-11-22,-0.009978670012354295,-0.10971060491671646,-4.6370296677302045,8.122903795501447e-05
2022-11-23,0.004828861754663569,-0.001869542835867926,6.099498632967081,0.0042479126966047005
2022-11-24,0.00461682703043681,0.03477764651835848,-12.89950393152558,-0.002829724273283838
2022-11-25,0.02652709282944133,0.07161181902918698,4.845871718279509,0.006734362693639714
2022-11-28,-0.017906257596268522,-0.009920950325230786,-1.658575013566216,0.0027603516161358622
2022-11-29,0.011742730911855591,0.07334986459133522,5.6532265836827245,0.0009242216192899834
2022-11-30,-0.0009633435045494379,0.0012572682594361334,-6.479968509784699,0.00025041892528724307
2022-12-01,1.7613508297039803e-05,-0.006530193668568826,-4.329199173202538,0.0031218238072957785
2022-12-02,-0.018648229684785946,0.04014940635004528,15.697159413757795,0.006092349227574316
2022-12-05,-0.005782519565420506,0.07408749432880302,-5.809665053060611,0.005673165302309953
2022-12-06,0.009861564424771402,-0.02390041181210149,-4.942190451855161,0.002255160946865256
2022-12-07,-0.0008722188362249673,-0.017063313536917105,-1.9360742601555803,0.00526031252962371
2022-12-08,0.0012537068153464532,-0.01125819832898875,-7.157911080742561,0.0007101491144612411
2022-12-09,-0.003579316847807037,0.005793838889428714,8.333197504452054,0.007514941195879638
2022-12-12,0.015209406710821728,-0.06302857467236053,12.075093199429768,-0.00015963904325859193
2022-12-13,-7.914337156543231e-05,0.07196042420464012,-4.928742466083353,-0.012450835648345098
2022-12-14,-0.028405403742266806,-0.02802867422448333,-12.082225253093048,0.008027295401714077
2022-12-15,-0.008796943156168377,0.03237104197445049,8.203841120935284,0.0006471065281518712
2022-12-16,-0.02539435589204316,-0.05778308005567473,7.758733582542092,-0.00702647067039287
2022-12-19,-0.042068699401454995,0.02511627669662256,5.751614345250106,-0.001189342243396695
2022-12-20,-0.006691499547040057,0.027411511102523437,8.095580043242395,-0.005303001459061712
2022-12-21,0.017536278051335407,-0.02944769847581339,-6.072676860766619,0.012601256299796316
2022-12-22,0.0008125587796977079,0.14146226030979991,-1.179474860703578,0.00298610968550004
2022-12-23,-0.015043094196264732,0.025972797286933295,-9.68876723038384,-0.009412267047864506
2022-12-26,-0.01202909828663149,0.12438502460841694,-9.92713980710069,0.0032769872782131837
2022-12-27,0.014897971993250114,0.06713972467286877,6.867709150886724,-0.002392439728927514
2022-12-28,0.0022491461041800422,-0.04635923649392466,-4.7033928371017595,0.011500700015400918
2022-12-29,0.0008239901403067404,-0.026753077096052683,15.957001158140411,-0.006316179600523047
2022-12-30,-0.0004950032548947434,0.030527144715006144,0.5192607698780035,-0.013482177019927967
2023-01-02,0.0006992034002195044,0.0042820772287125615,-4.482973706635999,0.00039521507836752815
2023-01-03,0.010670273410269378,0.0034622799231252732,5.5851964259445035,-0.002088164097298315
2023-01-04,0.007383374865628981,-0.020034346806218527,12.608836503195608,-0.0024995144093920636
2023-01-05,0.0030041611003184293,-0.12659334490186966,3.402916715976031,-0.012847434966907685
2023-01-06,-0.013357288648670137,-0.015780285039448404,-8.520016195555549,0.0025608561071846746
2023-01-09,0.006844413943826451,-0.1552685024745932,2.5970196131954393,0.010040070887055642
2023-01-10,-0.008695212013902422,0.0260273698149456,9.629186427467108,-0.011454294485432507
2023-01-11,0.014419993786706222,-0.050824045119939425,-3.4526866431840633,0.007027342124537273
2023-01-12,-0.016323660682413657,-0.05007917083205001,-5.415493701878937,-0.0034123011405242875
2023-01-13,-0.0015890726915826507,-0.01535126569409852,7.115135379540313,0.014094031632133474
2023-01-16,0.00010434227821347769,0.019087064240710487,0.9797741835138676,0.002616047526293045
2023-01-17,-0.017020392158373775,-0.10024043244151687,-7.7177947187791895,-0.0011270662280751225
2023-01-18,0.022585631370134224,-0.12240208326873847,-2.658226211070793,0.00663229059532935
2023-01-19,0.019185287974374177,-0.07462461100498695,-5.289637436761696,0.0031561707044983375
2023-01-20,-0.005826588900918081,-0.14292092669391065,2.073880654092945,-0.003554735855894974
2023-01-23,0.010232375152338801,-0.06767947269225087,0.7677915944547706,0.00426130165973385
2023-01-24,0.005122788905712754,0.11136181213660763,8.053129301421587,-0.003064175222070664
2023-01-25,-0.03377627302348835,-0.07396101415479363,4.96765529386872,-0.010730927802861653
2023-01-26,0.0034551742116086764,0.04559836224301286,-10.944737958205609,0.012189553159484442
2023-01-27,-0.0005974730378322304,-0.09601443657855947,2.8489337201869325,-0.0020974986044507865
2023-01-30,0.0012818255951688947,0.02093841068007456,6.278526237713834,-0.003654084004005792
2023-01-31,-0.013799373957753316,-0.022381366854887737,3.1911548692301883,0.002032332380729875
2023-02-01,-0.0033015116008652634,-0.0041868949873991,7.2104176149563735,-0.009357791147122256
2023-02-02,-0.0021173639239698626,0.03981443160572788,-3.8470389486906296,-0.00812147188919352
2023-02-03,0.015645224823760143,0.12293680877213256,-6.655822791000962,-0.0029978802004125907
2023-02-06,0.0045475517850831855,0.013629444488329149,6.5104901766974805,-0.003118330839317201
2023-02-07,0.00012778460736537103,0.008705126597726645,-7.458252700399973,0.00043133563491679744
2023-02-08,0.02007660997284222,-0.06813574022376204,-15.116762729443922,0.006735346278756175
2023-02-09,-0.007018223086927414,0.040833775873263305,7.177099612599117,-0.0028441618388102175
2023-02-10,-0.004862593963380002,-0.01722506313816895,-5.069294479680952,0.002956790836499192
2023-02-13,-0.02341781514740778,0.0582404930035901,-2.142463407067669,0.0036092700054210997
2023-02-14,0.020598376001686958,-0.0030594515339480892,-9.785855437612884,-0.006504452289587274
2023-02-15,0.01273632078652757,0.1218598992666896,-9.278693109035848,0.0013707343374768073
2023-02-16,0.0121190245786522,-0.13880415521962264,-8.096121893829256,-0.005656004275937774
2023-02-17,0.008895679803810187,-0.020761955210855196,-2.524548962122678,0.006383392467286702
2023-02-20,0.001631931639627476,0.061703714716088154,2.5899935330915143,0.0027305392684349467
2023-02-21,0.003001356209370276,-0.024548453795949096,-16.084678510301853,9.902468616747926e-05
2023-02-22,-0.0030760856734750016,-0.05545211483038226,5.265212222326157,-0.008038197922506695
2023-02-23,-0.0024468055343983006,-0.018611642401770774,-8.273987139520207,0.0006959400617119024
2023-02-24,0.0009059469522780255,-0.09659501233251362,-7.4641823056784355,-0.0046021650814601165
2023-02-27,0.019853783650329103,0.008326764018283864,4.744987716524957,0.004235775842713564
2023-02-28,0.007423942723505021,0.17083232881212568,-0.5224375276007576,-0.0007159590141930072
2023-03-01,-0.0005599816348651989,0.08015220487587096,-10.755036503684817,-0.004874067377324734
2023-03-02,-0.00733209665576415,-0.07763063745606887,12.912148810640609,0.005553107385066973
2023-03-03,-0.008054980336351573,-0.061133875762980495,-6.024351234585481,0.004329210406280563
2023-03-06,0.021035165145242365,-0.02833094663157176,1.7312116636324073,-0.0035597824736806434
2023-03-07,0.0067869349549523495,0.07030912894137556,1.3992324402549863,0.006972166996070863
2023-03-08,0.0010781572580385106,-0.057504090641843135,9.87929013304236,-0.00179036805110604
2023-03-09,-0.004300363947985396,-0.04831619932632737,-3.1896818481212126,-0.0018549096863770495
2023-03-10,-0.014217694352106859,0.061932460346043335,7.056627790678161,0.000742806289609554
2023-03-13,-0.0006692002471086483,0.060525679933260274,-5.193226656226887,-0.004515802511357724
2023-03-14,0.011557554448112612,-0.026167026227261397,7.854902009515534,-0.002649839410274978
2023-03-15,-0.00490298420888737,-0.07824343900609547,-5.340892407072871,-0.0009628756721097259
2023-03-16,-0.002754153579007281,-0.1084821376283895,-2.535463690301469,0.009181698057947133
2023-03-17,-0.0026734465687067188,-0.0489293088837073,13.271765835293218,0.008997898451764937
2023-03-20,0.001624726783976193,-0.15613702315900704,2.2187997168283706,-0.0015532212035429332
2023-03-21,-0.020509141423692916,0.05248739173369407,0.7683128089188417,0.009662626443172328
2023-03-22,-0.002860178575546183,-0.04410214898631911,15.694344925084385,-0.0002597204994547163
2023-03-23,-0.010907141736002927,0.03369055649715968,2.529496718234374,0.0022834840668690165
2023-03-24,0.01169960542331387,0.13078274213209337,-5.712961154100237,0.00530146700264358
2023-03-27,-0.009817782795343177,0.0821096994993005,5.142395988061589,0.001752286957201262
2023-03-28,0.007701607714909041,-0.08057943865628936,-8.271766419056688,0.014491093225091432
2023-03-29,0.020017686885447878,0.06084742905336856,7.898215771207423,0.0014600778854230749
2023-03-30,-0.003876751396661131,0.08104999192615062,8.441844318741179,-0.007185535473064945
2023-03-31,-0.00762049127760506,-0.052244956266726456,-4.010714249788593,0.007832825847085088
2023-04-03,0.002688619368639206,-0.06673078461504031,-4.395312944986942,-0.002472380961072249
2023-04-04,0.00017362264108262805,-0.007678432813697913,1.235529836456374,-0.0018257299880889792
2023-04-05,-0.012717012515416248,-0.11209963446613272,0.09908606245275073,-0.017950037301032437
2023-04-06,0.0061919524042739335,0.10295144645110871,-6.843813318064416,0.0060059153979200456
2023-04-07,0.0264017086951803,-0.16837546551213436,3.976615064231704,0.00491069487961878
2023-04-10,-0.003155455938454415,-0.07747651910194424,-14.293129873846668,0.004794116840211893
2023-04-11,-0.0024373905488406216,-0.018869561480641756,-3.0300162077995108,0.005870435379156472
2023-04-12,-0.013384116306398113,-0.01589609639314783,-2.827586753998606,0.010146001218703885
2023-04-13,0.004348149871925118,0.011628692119983706,-1.9128588606573456,-0.0002760110942651466
2023-04-14,-0.016010690921199167,0.01900139980723857,2.1505673376300454,0.005625698989016388
2023-04-17,-0.014190103316569285,-0.014952841023781374,-8.59615698493393,-0.004463038871777475
2023-04-18,0.016835674533969263,0.0795820423138959,4.119605582650698,-0.0021228071019853798
2023-04-19,-0.011570889772130373,-0.14975633187460363,-1.2610781072517885,0.006340560925976956
2023-04-20,0.014257648401307397,-1.1515974187246586e-05,-4.551512782695381,0.002346742973193787
2023-04-21,0.02001665404917649,-0.05002090882007784,-9.567782941469272,-0.008000491155468518
2023-04-24,0.0035712439471976567,0.009275940460044043,-8.281764902128325,0.002167976277286217
2023-04-25,0.007394088237060705,0.015453188656239519,2.5222734042047765,-0.0010974686451618784
2023-04-26,0.025579262267928116,-0.06382802135463524,-6.746943766794827,-0.004911997746884337
2023-04-27,-0.002357469226854316,-0.04486642975748447,0.44939088496364415,0.0026057223018845724
2023-04-28,-0.007509075360241002,0.0554810706276291,7.433880683306872,-0.0024270341849330587
2023-05-01,-0.017392003842178243,0.024433938805569,7.228498307423713,-0.009422938131071984
2023-05-02,0.0007421920445025026,-0.04761739056217345,10.922778725339775,-0.006666931672029199
2023-05-03,0.019428874741937985,0.14279236715393598,-2.0740532646246814,0.010615020459262116
2023-05-04,0.012674739958211249,0.16164243539465575,-7.596043502731574,-0.009089573496765646
2023-05-05,-0.012047186138433445,-0.10237237352722485,7.143678572714836,0.001336813122482928
2023-05-08,-0.010919879989823748,0.02112564722102403,2.167226953531988,0.003660335485849864
2023-05-09,-0.006354225981432527,0.17562961049426742,7.867654550541937,0.0038351342778018896
2023-05-10,0.003999485072439442,0.054872904042942476,0.07739249737810362,-0.007352829951831709
2023-05-11,-0.002469048552347889,0.015474210003878252,8.369522171238453,-0.0019292290161318877
2023-05-12,0.0029879012907600565,-0.014563978335160316,5.924711940379865,0.0008450803507716317
2023-05-15,0.004057611914590815,-0.037883600011370436,5.01494632392336,0.0048012555628730086
2023-05-16,-0.003684056626819817,-0.014876029183381514,3.524660144575838,-0.003869764987283708
2023-05-17,-0.0003222612408382685,-0.03855105886856964,2.7838930877037846,-0.006980847027753237
2023-05-18,0.0028857009038084445,0.05214358509906239,1.6312506491026681,0.006015444294963066
2023-05-19,-0.0008916061459312883,-0.027870755688400924,1.5813436767033542,0.006630921875938153
2023-05-22,0.00674577124492266,-0.030880605840704033,6.931362168917927,0.002220435336294092
2023-05-23,0.02452138505326406,-0.08415124807803565,-3.5838577173766173,-0.0036527229401858304
2023-05-24,0.007895639702020797,-0.003471291206621238,12.149795952656673,0.002440569932532836
2023-05-25,0.000925537103311174,-0.06258851714073023,-0.7436978175144531,0.000655864219595184
2023-05-26,-0.021719542103704893,-0.012652511811036575,6.897675365621836,0.005025772057148353
2023-05-29,0.005243442118197622,0.07292708869050726,-0.631688314521901,-0.007494677795465436
2023-05-30,-0.025106819352973694,0.02561474204177885,-1.7266619680120345,0.0006975646328339348
2023-05-31,-0.018117443120029584,0.03533077063498017,14.225690400115461,-0.0009543830919966864
2023-06-01,0.011310310282093948,0.024926362983046253,-2.165413496409638,-0.0066581022878845035
2023-06-02,0.009381055781776636,0.004142301113404532,-8.940517338729506,0.0012938894964500923
2023-06-05,-0.0017492069785355019,-0.008912976147014091,-4.998575113145149,0.00020950701527364392
2023-06-06,-0.022030144379978803,-0.021546435113116654,-2.220595674557403,-0.0024621520026660002
2023-06-07,-0.004627530719581053,0.05313819061831505,15.08634296902443,0.0023761724993156524
2023-06-08,-0.008623598136808311,-0.07589678665017742,1.4472915254442014,-0.00851278206437679
2023-06-09,0.008478929699692732,0.09385058103578811,6.542993798595078,-0.0003218507590291616
2023-06-12,0.029550496921557905,0.0023854643879372217,-7.011199698160585,0.002588484994673954
2023-06-13,0.003020096343410526,-0.05240902734041617,2.468258028328027,0.0017041071487540382
2023-06-14,-0.00993104466441752,-0.03424022553280091,4.700348438775242,0.006458566691747694
2023-06-15,-0.01501716989394186,-0.04738932808316782,12.611388688250463,-0.007206675445092075
2023-06-16,-0.0005292256499875441,0.011214454931962882,-4.873893138267854,-0.009047282547796465
2023-06-19,-0.0020983115156766414,-0.050249013114181576,4.224426238856908,0.0014344064523495474
2023-06-20,-0.014769749073857131,0.07994918391486157,2.118087359173291,0.002730915164615957
2023-06-21,0.0017126180639983946,-0.05471472948299703,-7.152002973723841,0.012718942759061205
2023-06-22,-0.014761875777041201,-0.1590765351289922,-0.1361936491032648,0.003699674857241707
2023-06-23,0.01465739453248091,-0.051169894490812655,-1.8443243667547335,-0.0052436897842151765
2023-06-26,0.014014457875246019,-0.14059648213097603,-16.27755798162749,0.004836178409410661
2023-06-27,0.01430176644885347,-0.002790819540085969,4.190683870675607,-0.005073780886480324
2023-06-28,-0.005962656117910866,0.07414105848599183,3.7817039382047075,-0.008915015673937404
2023-06-29,0.006888767323135154,0.04534318601859714,-3.0725435579721383,0.015654605278275176
2023-06-30,-0.0015169035678516388,-0.09363126534630699,-9.369933612302887,0.0019549522763845284
2023-07-03,-0.004854556798232262,-0.05335786970975996,10.359166069928351,0.004289703790843222
2023-07-04,-0.0042088935428468595,0.12450434748966797,1.861995011756576,0.003381301516186001
2023-07-05,-0.016696298549443957,0.022295798611403378,7.116909058081349,0.010872460644537096
2023-07-06,-0.018570228046636578,0.000288308484384118,9.872252576914107,0.001704639098850454
2023-07-07,0.010526092281388594,0.07392437928354904,-3.6463474902611512,0.007306188196077557
2023-07-10,-0.0022860602509537607,0.1716918787801111,5.685081728485363,-0.006163703099988198
2023-07-11,0.003013523064659101,0.09076012943058172,-1.6880430956907793,-0.008352965943288616
2023-07-12,0.013222235049903558,0.009759067833940531,-0.43784049049916834,0.008559342061485583
2023-07-13,-0.022330722435208967,0.024828172318937632,-0.5993093164708008,0.00884915831045395
2023-07-14,-0.009993690959606621,0.043195585376875206,-0.009232527185257222,0.0030643548918813527
2023-07-17,0.002479352965045919,-0.04288889475570867,7.797721397405375,0.0013563990223277773
2023-07-18,0.0052972322266524475,-0.07411036309022083,0.8667927172002784,0.0009970595679170515
2023-07-19,-0.004701967855214258,0.0036714358442566466,-1.0761292364066726,-0.004128968570606072
2023-07-20,0.013579330025072032,-0.06630478606241845,-1.9357606206162834,0.009231827399918407
2023-07-21,0.0029351342047852797,-0.0043023693324548,2.389199044436404,0.003953284888990927
2023-07-24,-0.015573967804762176,0.006728612799446336,-6.264076443155378,0.0030354326670132574
2023-07-25,-0.011899929087878387,0.16387261253180552,-3.518609013849754,0.0022567516048308148
2023-07-26,0.010671123786430092,-0.05957349962595968,-0.36596406775078205,0.0062874769281412125
2023-07-27,0.006229808933928776,-0.00852522523796543,-3.960938185458571,0.003030031799183208
2023-07-28,-0.024487796107085815,-0.011501202270917296,-0.8293330705581217,0.00447215861754719
2023-07-31,0.01772025995021131,0.03061173733627315,-4.275438040433038,-0.007013585249247412
2023-08-01,0.007974351404220537,0.07327070321085359,14.027704453202805,0.0030601979907828054
2023-08-02,0.017663458840054477,-0.03433384511386587,9.303425184534905,0.013123209066350946
2023-08-03,-0.004788111453976092,-0.057494642107352195,3.1496651414510883,-0.003111138031494281
2023-08-04,-0.0036441808773202363,-0.11484974311521587,-0.3753296269720409,-0.0007729732104433351
2023-08-07,-0.014443942101767145,-0.06483431477619928,15.335349139594477,0.005351662253460149
2023-08-08,0.033180084411714536,0.03755085842036162,2.260670356515341,0.005743818993634145
2023-08-09,-0.0020809049302929336,0.003195292927624203,-0.6079185550820149,0.0037465625519546818
2023-08-10,0.02083793149706529,-0.07108037964343113,2.121884637729205,-0.009705601578902642
2023-08-11,-0.008214801868034633,-0.026093723353940022,2.1416024448834214,0.0030103816483071683
2023-08-14,0.0023299355003303097,0.0022031063453185644,9.872223945386098,-0.007102047089160952
2023-08-15,-0.02152758232541104,0.03525752521262513,-0.1327528473874986,-0.004948211509828211
2023-08-16,-0.0047772729339679975,-0.041537604698696814,14.69527376840076,0.0032883227174306737
2023-08-17,0.01298881380920036,-0.017530804036051194,-6.174148820012016,-0.0017749447413603807
2023-08-18,-0.01607266960246846,-0.12729043133381465,4.858351518431908,0.0048577374782866126
2023-08-21,0.014138958084149954,-0.08059700615665605,-7.012787436534643,0.01888883192250513
2023-08-22,0.004584091606030015,0.11324009607251914,12.719706696367751,0.004663080302303659
2023-08-23,-0.013371362024795323,-0.15316984708863918,-2.31395807225223,0.00433711591808683
2023-08-24,-0.0063207645285337545,-0.023646178684381874,-0.4073249026869032,-0.005374364873744117
2023-08-25,-0.005767853797170373,0.015343876054097871,6.469658344117648,-0.0038577856405908884
2023-08-28,-0.00044375139325252824,-0.026204447172892602,8.787384788197544,-0.006381971319306602
2023-08-29,-0.0067698715572602,-0.05657102663557784,-7.783137856118076,-0.003195575019157112
2023-08-30,-0.010554742710458974,-0.004275497267113263,-2.423112941490697,-0.006550512335580536
2023-08-31,-0.0037596401326926254,-0.0003475781051595666,-9.764462909598388,-0.0039581401023966595
2023-09-01,-0.013149566601917635,-0.005748218345232985,0.961136059628645,-0.0012523310119079757
2023-09-04,-0.01656384544436,-0.1314398484806481,-0.7096077459893164,-0.006003443207831189
2023-09-05,-0.0004262942725956621,-0.010318253956877736,-2.442538159316954,-0.00851458260577455
2023-09-06,0.011677364932209389,-0.05985788832040892,-4.791229372304269,-0.008168781147465616
2023-09-07,-0.019681832166525744,-0.03834151123694777,-2.7013452469350554,0.002723526674362374
2023-09-08,0.00024560596903148584,0.01588823343390173,-5.224767371113143,0.0003584791881717786
2023-09-11,-0.008249430532416842,0.04485101253363966,3.7027328941828577,0.00615564196988912
2023-09-12,-0.012502890682750964,0.06277441339693114,10.61165033043287,0.0062666353108032135
2023-09-13,0.011294689485290046,-0.034748913988522194,-13.51506875998313,-0.0020438335317054302
2023-09-14,-0.00653620595817866,0.06468019437040821,-0.8117726125000777,0.004020261446427203
2023-09-15,0.019677921879843432,0.0821609272836794,-2.927202418658723,-0.008643123279351352
2023-09-18,-0.009937911733903113,0.07956465471822416,3.4465801195090733,0.01369814122223025
2023-09-19,0.005224525917135821,0.09728375571680035,-6.662369121405996,0.007172425795127758
2023-09-20,-0.0027546790852436406,-0.010197775414323854,-1.0250508148494166,-0.0012902003710476453
2023-09-21,-0.00960228351864272,-0.012189234055128366,-7.277145277349523,-0.006979196604620499
2023-09-22,0.007839775553510786,0.05775355455760441,4.8768849043095415,0.002280291463211761
2023-09-25,-0.0018147734499724942,-0.0956567020589623,0.6949224097080462,-0.011220441170899945
2023-09-26,0.008041737549277408,0.014660033308783862,-1.1303219589447204,-0.004675814616638134
2023-09-27,-0.00041478959382094873,-0.037139129451893994,2.591315503072437,0.004492545354027189
2023-09-28,-0.013915611318918697,-0.02581523356029857,-1.725383132416597,0.0004526940005642189
2023-09-29,-0.0011269001614557903,-0.12190601135290052,-10.8767468808378,-0.002945788385062127
2023-10-02,0.0008754172037098265,-0.06233810140622455,4.1701128695328755,0.005704437474821307
2023-10-03,0.012660018400455563,-0.0014345750619980566,2.0178911932022903,-0.006231804065368467
2023-10-04,-0.011581497095357319,0.06219172218655261,-1.0785572108141226,0.001708203694972636
2023-10-05,-0.00031128809247497045,0.06930186125856354,6.894474514434893,-0.0029873130080158247
2023-10-06,-0.022184423492990504,-0.005622853249713801,8.529468848543202,-0.005084222740898366
2023-10-09,0.008669409784463103,-0.013250185006027884,-7.645978438850646,0.0027803745597025807
2023-10-10,-0.013859278670328394,-0.05814754309114378,-5.4675325038964,-0.005957276604783446
2023-10-11,-0.02328267377408687,0.028164954788329737,10.830995670374952,0.0114120386924695
2023-10-12,-0.0005698188455715836,-0.017330460035527684,9.931963066139188,-0.0035083010728079876
2023-10-13,0.014573904462617002,0.04241191774043028,-5.1687519001026825,0.011938919897849605
2023-10-16,-0.01961781032675438,0.12261807628881734,-8.264970365656561,-0.006563824735939078
2023-10-17,-0.013944462610049552,-0.0022662470083269566,-4.462972876151854,0.0036357085099748077
2023-10-18,-0.009462573583692655,-0.10481481319218504,-3.4868148477232865,-0.007197454149851542
2023-10-19,-0.014483456402446042,-0.06025953101201933,-11.088460823207045,-0.008046703847284762
2023-10-20,0.005132562548349601,-0.10207032089356323,0.2181707692448116,0.0009582320584420371
2023-10-23,-0.010295776785578314,-0.08379767825904849,-8.961252368190632,0.004065352981268552
2023-10-24,-0.009179691573982627,0.09136895064398276,-8.472727550290664,-0.0076455777203449475
2023-10-25,0.007782970182870044,0.015866170142093804,6.4127449558627285,0.007104882403242308
2023-10-26,-0.009621690202592894,-0.10641221021030316,-4.782324928365325,-0.004785594089858636
2023-10-27,0.0058261412711493885,0.04575425162210853,-0.5002982748011361,0.0007873361403897098
2023-10-30,-0.01242800723446656,0.08822624118552176,4.403674489729887,0.0022786731585074326
2023-10-31,-0.015557800684798761,-0.02519121902051034,5.692568504638561,0.0035680900887692653
2023-11-01,-0.023660840759481994,-0.047319358739582026,-2.35914090154932,-0.010786873197083591
2023-11-02,0.024395636229852472,-0.023616439873946446,0.30882235058220775,0.009711375706699443
2023-11-03,-0.003963367417702957,0.019922455717792,-5.777841925763273,0.0033707586099661294
2023-11-06,0.003371133783329579,0.04479791051794598,12.231657875213138,-0.0025535608852015825
2023-11-07,-0.00020364361675038954,0.08275517866281636,4.549648724342041,-0.006144923416739984
2023-11-08,0.0022795028410944156,0.08487347441392161,-7.722678459482221,-0.010164429175698507
2023-11-09,0.0008459242318668422,0.08297826937588851,0.028405781994395193,-0.008168539296543867
2023-11-10,0.02500682150963508,0.09533450022460511,4.994861811516198,0.0032696308744234056
2023-11-13,-0.013306045682442914,0.04629714528602475,3.355876765981157,-0.0020464397115798846
2023-11-14,-0.020047007379276303,-0.10716346230323902,12.804190826282777,-0.006789095698610712
2023-11-15,-0.01295547569029661,-0.00916749606595328,9.6062337922839,-0.003161609793124894
2023-11-16,-0.0171512171268611,0.021974435883636904,-3.77514520478566,0.009384675242919643
2023-11-17,0.009910506682265252,-0.026818838550538994,-0.6242635032358348,-0.0019840494023720947
2023-11-20,0.01086491672399084,0.06378825984313789,-8.970789750833307,-0.003506689472874113
2023-11-21,-0.012297102086954243,-0.025214978052985337,1.7461708802261084,0.008103636409118377
2023-11-22,-0.017875665094018892,-0.0648022920974597,1.057147416824355,0.002771350153943001
2023-11-23,-0.004412356490834232,0.10110092996073437,18.924380038333275,0.0002656849745158803
2023-11-24,0.018284610412393112,0.04662030168644365,0.6830257294672943,-0.0036466913606330044
2023-11-27,-0.036454402431378104,0.015347764894026669,-14.652766664557626,-0.009314464689873235
2023-11-28,0.00704614799720637,0.06486963640218879,-4.704605406931912,-0.007023255128933351
2023-11-29,-0.013784817956831608,0.074377396753477,0.7864444806755149,-0.0028827696146401438
2023-11-30,0.013724772905036566,0.023872506768088702,-8.792107048149628,-0.001317754202412389
2023-12-01,-0.013813011231397776,-0.1720362993226006,-6.070453788360974,0.002137453704164634
2023-12-04,-0.0035104057538059264,-0.04729126154674051,-2.5594506575967255,0.003310588364068913
2023-12-05,-0.019381628308314323,-0.03196053907048164,2.3926814412592865,0.0013375293569813575
2023-12-06,-0.012504352056475264,-0.06889406265791945,-1.1573940784859862,0.0013224510308598046
2023-12-07,0.018215909119599534,0.013907420374422066,-6.224627412128547,-0.006045148149649535
2023-12-08,0.010867522916570763,0.08345414929959392,5.513768641465863,-0.012928529659065012
2023-12-11,-0.005021685977958783,-0.033943390964494786,-3.7774621466717884,-0.0031252549509348205
2023-12-12,-0.011112240812655326,-0.07943828687696115,-3.4951619038823925,-0.005724895338923639
2023-12-13,-0.024419492774653582,0.141962436763735,-9.657561143658993,-0.00391576171524806
2023-12-14,-0.004917537254712796,-0.03160063242682733,-5.502110190933036,-0.0016473238509161303
2023-12-15,-0.00020174228362187393,-0.08630754472992758,4.562401171196079,-0.00746164245138604
2023-12-18,-0.0008927066518482923,0.01663740747329212,-11.323586109736269,-0.006663062530358794
2023-12-19,-0.0010192950636902123,0.02979778071126739,-0.4982158624359757,-0.000601902386688323
2023-12-20,-0.014383525153950036,-0.049353506277647154,5.024075162924169,0.0006946231358982648
2023-12-21,-0.0006615605097530336,0.055331750221178644,-2.63976024989778,-0.003935989667490121
2023-12-22,-0.000302753933956377,-0.03411236068006719,1.678533628834742,0.0029897104125888117
2023-12-25,0.016977306491441305,-0.06460656407732722,-7.817558079680477,-0.001316728274116807
2023-12-26,0.024467534906580705,0.012501360796740139,9.171945315293206,-0.006119478525283199
2023-12-27,-0.0015808573499312912,0.05395382839874653,7.7073523527193535,0.00024438400755133553
2023-12-28,-0.009761977365286525,-0.04436960438362896,1.6484935822832325,0.011294481509914432
2023-12-29,-0.0006447676869055276,0.023143788920995247,-12.285552019411424,-0.004049557201921935
2024-01-01,-0.007699076578307681,-0.006544414758374491,-7.321736363879451,0.006996838490069978
2024-01-02,-0.009451639604701238,0.19771035548153007,6.836921433519398,0.008266655355447699
2024-01-03,-0.0005624519749878507,-0.049599177681416404,11.991847631950916,0.008988969606660575
2024-01-04,-0.013362957604980095,0.09689201203776587,2.0763080798950098,-0.004935768086407831
2024-01-05,0.008079387765015229,-0.0036642401907220224,8.731232538249886,0.012092243588227579
2024-01-08,-0.0011509021393930046,-0.008873340257060311,-4.254331923950781,0.0006980967496372501
2024-01-09,0.0034501079891793834,0.050516557807550655,-1.3257100962763348,-0.0015227334402549296
2024-01-10,-0.0021782204676187296,0.06257933965783517,0.008035324943160845,-0.0013820874900163267
2024-01-11,-0.00925430781428136,0.08869109486673743,2.961677276144995,0.003609441238581573
2024-01-12,-0.012123474276735073,0.023005621459461053,-10.701667133114436,0.00030676519588188083
2024-01-15,-0.0028845880562190325,-0.04202774728305478,6.584667897768059,-0.0010613800842719401
2024-01-16,-0.006933884386561555,-0.03763522729288439,9.257826510567567,0.007701533495676387
2024-01-17,0.003240717331724483,0.03567572336183449,-8.041146041879742,-0.004336576026627471
2024-01-18,0.00014238785843068825,0.04066299094254189,-9.48737769881897,-0.006258863574929036
2024-01-19,-0.01750998772299548,0.09786356584875462,2.4539208023233354,0.004758630595911026
2024-01-22,0.0010725768925685727,0.029290131879308737,-4.580183342787164,0.004221584284766471
2024-01-23,-0.017257185422829845,0.0742117785680417,-16.595807778185176,0.006563865213222398
2024-01-24,-0.007814209131750646,0.10617397243487701,5.660084612177542,-0.006433198558146802
2024-01-25,-0.0036265969198320163,0.011536038117177412,1.089160918307203,0.0064883487544337435
2024-01-26,-0.026778552612847045,-0.103989105611348,-3.3365289846548976,0.002892127948466889
2024-01-29,0.0013895968221797575,-0.08254939605504061,14.794110048975153,0.010575452613233588
2024-01-30,0.0021627835462863557,-0.10064620077333586,0.9723297617576159,-0.007489725963309808
2024-01-31,-0.0018543145145207469,0.11141132667098697,-5.274010422136408,0.001309442091119663
2024-02-01,-0.005316124542130724,-0.05931860163802586,0.7080626847024276,-0.0016654045168562341
2024-02-02,-0.00465684758140582,0.08622890957886024,-7.280484872016244,-0.0095385955327609
2024-02-05,-0.012495013091943737,0.041001233809471224,-5.331947418285211,-0.004289327632719829
2024-02-06,-0.0033061048064745545,0.12006883887873335,2.704539614876292,0.0067623849066065864
2024-02-07,-0.006983953445693204,0.07021656736414876,-3.8793874434857667,-0.0028137640672611106
2024-02-08,0.001391910104936184,-0.007165918284938052,-3.156818517791633,-0.004335585267922852
2024-02-09,-0.015453769164083144,-0.0140021315275288,11.68261402588547,0.005209562351324112
2024-02-12,0.003262668817144872,0.005961740396230262,6.01754148230469,0.005933260041997668
2024-02-13,0.0020618456152097075,0.012268266632920013,5.619780740747739,0.005920703717678761
2024-02-14,-0.001640316818323408,-0.03715205697863916,3.7017169153875265,-0.004738160248248615
2024-02-15,-0.005509662700121757,-0.0022839808312058335,3.3894109320693673,-0.00034805251754511246
2024-02-16,0.007380418602111462,0.11265240434016764,10.196094292349988,0.006183954838481608
2024-02-19,-0.02143982218832024,-0.11914968175779575,-0.13682190182612747,-0.0039362047730929365
2024-02-20,0.006185893395886562,0.01809416976688027,12.988598874298455,-0.004495987025936856
2024-02-21,0.0033594870604748382,-0.06348669641865286,-6.659811675736166,0.0049693918618762874
2024-02-22,0.003883891802950002,0.013092595796341653,-1.7852638140487143,0.009374092164868732
2024-02-23,0.005183063701624778,0.058789904264574054,-9.650174529631212,-0.006912448463291931
2024-02-26,-0.008297377285707053,-0.0040327126320383625,-2.4064111378506023,-0.015585410491507261
2024-02-27,-0.0031729807579186616,0.05410908438938813,3.629097030680821,-0.008701898683546032
2024-02-28,0.008481758305812543,-0.11128875809689304,10.158728224576283,-0.006074714690751842
2024-02-29,0.005798310173080433,0.0774892378865831,-4.64329276737833,-0.0008260601908448914
2024-03-01,0.0028872659507544335,-0.04221904698536812,0.03713131519367054,0.0036950952451316192
2024-03-04,-0.019486163186555158,0.043568564885465566,-2.5144727988445696,-0.00087900712385797
2024-03-05,0.007192532493481704,0.012771366718352871,-5.170199585494261,-0.0042020370971252614
2024-03-06,0.015403122895910382,-0.18098935253866502,-8.325656174831307,0.000920218115965504
2024-03-07,0.01332572940955715,-0.052924488502915513,0.4246281571126193,-0.005771230519137461
2024-03-08,0.00324041463399837,0.015435585755478154,-12.124455003046121,-0.000281522050582536
2024-03-11,-0.02004982184685453,0.10877832570983881,0.7738020557714967,-0.0038494107715983977
2024-03-12,0.01245308258496426,0.02010878001325695,0.14666354841427642,0.016082059121819748
2024-03-13,-0.0017143102773569748,0.018038711583951785,-4.604252092467183,0.004900721640548774
2024-03-14,-0.032722755424870555,-0.09888788627405702,-7.07632498936974,-0.0050100865490158
2024-03-15,0.005103696240393651,0.10018026875664433,-9.690150971263366,-0.005981605256363515
2024-03-18,-0.019198233180033976,0.12649538966316812,13.09929887684418,-0.002629069278655015
2024-03-19,-0.01665372754253582,0.0020002530186782564,-9.393804449321795,-0.00986925071399443
2024-03-20,-0.008054465600860084,-0.015382993375408107,10.903916516850881,-0.004382966768270003
2024-03-21,0.01674368531247749,-0.11333348010667618,4.201153319072621,-0.004429362702502001
2024-03-22,-0.004620989604319109,0.06183247412695443,-2.5481467779941624,0.005303554135832693
2024-03-25,0.003722890640577303,0.18915955279846952,-8.099537906051676,-0.002559601897122978
2024-03-26,0.022923583528778994,0.050197915235054416,7.297454478019894,-0.004743274686549356
2024-03-27,0.02092238691452529,0.08845924627072384,12.107558377194549,-0.008042795030191252
2024-03-28,-0.001143594405755745,0.03794611055957162,-6.538170861668715,-0.00705983129507834
2024-03-29,-0.0029397732867866466,-0.06895111205981289,-2.091216441163014,-0.0003981362999797688
2024-04-01,-0.01619131824316415,0.09356708417139044,7.361366353555979,-0.001290774618848838
2024-04-02,-0.008827954964360684,-0.08642024296288035,2.350483520187899,0.006805509766089933
2024-04-03,0.00572965851896601,-0.014746543396412947,13.999726693093075,-0.0037747836637227936
2024-04-04,0.005344499903525408,0.01951962215017679,-3.9910111462994142,0.006355105719245894
2024-04-05,0.0016330970052614742,0.06180367625436603,3.7960384585865703,0.0015427578731004516
2024-04-08,0.01313242154833103,0.02911899658016746,-8.756495789591666,-2.7814123312229373e-05
2024-04-09,-0.009840784169431347,0.027078415058338863,14.671242113493326,-0.012049825570141894
2024-04-10,-0.0005289947623850453,-0.05330416479001341,-5.112385686017777,-0.007740349109952788
2024-04-11,0.009706158850432559,-0.09025599897723192,-15.45576920506639,0.004448573133055425
2024-04-12,0.007793896780962933,0.004303646778424796,-0.8803481488173986,0.00838691917406999
2024-04-15,0.014122295084521452,-0.04971363440700288,-0.976014347793244,0.0012386928310408841
2024-04-16,0.0053612652879457875,-0.0915449939648476,13.409000587932534,0.004575163889329054
2024-04-17,-0.003822233222758814,-0.08861625300513588,-2.3717375176862006,-0.0024463328515235074
2024-04-18,0.004908499383411193,-0.03430899319211791,-0.08850620899467067,-0.0022281055646462
2024-04-19,-0.012833737552993415,-0.1296805202121805,4.154072103389469,-0.0039777757425738716
2024-04-22,-0.02111297131006064,-0.09432280919910607,11.103894781766376,0.005848192618654939
2024-04-23,0.0077487331516633015,-0.1144595850348477,-0.4426073008895776,0.0020567843104411596
2024-04-24,-0.0005168243266731092,0.012758162464716432,7.276345255115187,-0.0014050158985953463
2024-04-25,0.004209325143421111,0.028558896066289283,3.626592116426871,-0.0019703475883348577
2024-04-26,-0.021869896729938436,0.14049986742279788,-2.073647343333735,0.0033390335185710675
2024-04-29,-0.004546482321430591,-0.1048270859462668,0.5428810939375526,0.0019386932666548805
2024-04-30,-0.007598142478509857,-0.04757178712367639,0.20071715199720871,-0.004992251791854456
2024-05-01,-0.011034757491576707,0.06388279725259627,-6.412172450022726,0.010295915264689886
2024-05-02,-0.02911519508401198,-0.015174166349226937,8.495765281122695,0.0015421735219116656
2024-05-03,-0.004153355267781667,-0.022889855709545964,-9.699341768677195,6.287462564335198e-05
2024-05-06,0.01186495574616048,0.11964187923376872,8.198182457855745,0.008863714043775442
2024-05-07,0.005152970384228596,-0.023688431166450946,6.680935303872052,0.0061441019857028135
2024-05-08,-0.007612305925655482,-0.08093364085338048,-0.6513448065590418,-0.0005278011514777994
2024-05-09,6.612368546097635e-06,-0.09218579719068577,-5.358110432316175,0.003215911087171404
2024-05-10,0.010038401043094114,0.023498602561975276,-1.5849755996333204,-0.006419869958945697
2024-05-13,-0.035685432214504514,0.021366912238417697,3.30942260596637,-0.003845057539810296
2024-05-14,-0.0014189751084862875,-0.09601916592003239,5.201409075547522,-0.013561988681702906
2024-05-15,0.007261601913358691,-0.06897773804084177,2.008432744778804,0.007322202142893833
2024-05-16,0.009067672128044275,0.03742988464709285,6.944954352985739,-0.0113904687410119
2024-05-17,0.022309492691130386,0.04040867407675987,-3.902042004192285,0.004087651403680761
2024-05-20,0.014955593828254246,-0.045025545852279254,1.6420347895001732,-0.004984061341658018
2024-05-21,0.004263316851701213,0.04355513412963889,-10.97842067608616,-0.005873828806905475
2024-05-22,0.004125688079500546,0.04002982111033927,5.345386611861806,-0.0011701852523234892
2024-05-23,0.010430289523929798,-0.12481572241036806,1.0722337636611061,0.0015984730785093145
2024-05-24,-0.006811250931650427,-0.02184446253140971,-2.909019240223088,0.00367263887520183
2024-05-27,-0.00032244471426140704,0.02905879137847855,8.130796931034737,0.01062979010996646
2024-05-28,0.011981107040020977,-0.0401152991514791,4.84068304157555,0.002151684346629859
2024-05-29,0.02564678779363618,-0.1497252308277395,-19.71475969220847,0.005287172178376451
2024-05-30,-0.001870474974512646,-0.01981103050262849,0.27918273787152553,-0.0035909340590766694
2024-05-31,-0.00042920896128823254,0.052646521195898834,-10.185167977094505,0.004282327875336431
2024-06-03,0.0027802425192398265,0.1106283910069193,7.466619121278494,0.0009196125181808821
2024-06-04,0.017661648022104737,-0.1533547862877794,17.42352376033372,-0.0027791052236114193
2024-06-05,-0.00019407294665895323,0.1829324941894989,-3.6297345750074053,-0.0005758758946034097
2024-06-06,0.019301667474124883,-0.07889954317204882,0.5220540675135058,-0.0003723306139430271
2024-06-07,-0.012366543826573756,0.06698796095607921,-1.757235017360182,0.0011467155151639126
2024-06-10,-0.0022184718445809365,0.08639386493740735,2.455691785541571,0.0024083470735508828
2024-06-11,-0.002376147036911837,0.06881121100936612,4.511843109261628,-0.0030533422243607476
2024-06-12,0.01042457441325086,0.010473293569226308,9.010357555782113,-0.004444640667238777
2024-06-13,0.013788384900717618,-0.08129923638815463,-6.911949341484493,0.0044848295097164575
2024-06-14,-0.019422776655537023,0.043859115159025006,11.001443682765244,-0.010179306060195532
2024-06-17,-0.01169652913554592,-0.05006632237428575,-6.520596992305276,-0.003709239904963277
2024-06-18,0.004579082224094007,-0.17658864604061014,1.9396208955899974,0.009315705576474377
2024-06-19,-0.008363017396515592,0.19802290436013908,8.1100364770368,-0.016243186151301128
2024-06-20,-0.01959156108341936,0.04956714153724685,4.992391168785985,-0.004158312130473565
2024-06-21,0.01370023963630523,0.12726539899405775,-6.570024586918454,0.004126316336021767
2024-06-24,0.0066216110939974265,-0.06381359652461098,-4.9134653177716645,-0.009901927226446373
2024-06-25,0.006611307459189713,0.10272519763883296,-3.236316319118386,0.015588852728143966
2024-06-26,-0.00598079431379924,0.11129084107042975,-0.35818496788134707,-0.015530421480396944
2024-06-27,0.013576199878175174,0.1088184667150822,8.028672738231155,0.008619356706528391
2024-06-28,-0.002919479953552563,-0.0014844433248506683,-9.042680062512567,0.009344048194904732
2024-07-01,0.014453658611698379,-0.08417234306198196,3.2669105322891987,0.005498114195497398
2024-07-02,-0.011651646962254089,-0.01241189648045451,4.269807025210093,-0.0013295134328006762
2024-07-03,-0.01090376081988941,-0.15419383796366234,3.908021055103987,0.002143069215794712
2024-07-04,0.0028606217377700523,-0.11914086725824746,3.2641443412059123,-0.00538349934117775
2024-07-05,-0.008930317895361762,0.006435714680518823,10.628226849239411,0.004855947954881129
2024-07-08,0.008980863849794796,-0.06939789260377267,3.4146584035636414,-0.006719189472726945
2024-07-09,0.0035811406736776974,-0.01151127988183252,5.998714711919758,-0.001643243601356308
2024-07-10,-0.01179862583222028,-0.007629982598095134,3.944825534491572,0.005977495678015914
2024-07-11,0.001147252812286303,0.13515089339628805,12.551789829098048,-0.0066858174379961785
2024-07-12,-0.004366609946435767,0.09083385988256616,-13.298633176940111,-0.002185611338162624
2024-07-15,0.012105826779301613,-0.003141080891397807,8.974760039835003,0.0009855889532105033
2024-07-16,-0.008023188781316654,0.08462296739185403,-1.8272154197740753,-0.008050730039211917
2024-07-17,-0.00550925024114744,-0.054579920128323973,-1.965018023054705,0.00698623498249967
2024-07-18,0.015946079769892346,-0.023582791686640913,-6.786337202584874,0.002044644543733201
2024-07-19,0.029301714060152667,0.06371570170821778,-13.08086827604778,-0.009093539846343191
2024-07-22,0.026187112634963167,-0.08691624042996965,-2.6732639329029424,-0.0002818148643834952
2024-07-23,0.001021899151587906,-0.019528650981015756,-4.811053166624392,-0.004652011028994563
2024-07-24,0.0030451111918869153,-0.0924592102061631,3.459217856224865,-0.003945347799261302
2024-07-25,0.020134962609674584,0.008223068547957941,-10.305837310561945,0.0004604687808170279
2024-07-26,-0.001417652481180206,0.11427610289126036,10.021292256808861,-0.004258145526593236
2024-07-29,-0.012492538782785763,-0.05264678223706806,1.9035369025005575,0.005787069719606706
2024-07-30,0.0017193827666718798,0.01581156471396802,-1.735318840715517,-0.004227951133464017
2024-07-31,0.006069718146917708,-0.06281253311455491,-4.965963444301265,0.005890259099985225
2024-08-01,-0.010578945031637225,-0.08046842602682722,-5.510449388167229,-0.00026255673555693947
2024-08-02,-0.021201004839488974,-0.08650946642392224,-7.910610152344308,0.00513461213191569
2024-08-05,-0.018477483689203315,0.10183264569867227,-3.8105250743501644,-0.003248007947899623
2024-08-06,0.008850580694240278,0.1653704829432316,0.042352904261572684,-0.0030317036825002626
2024-08-07,-0.009658894712053967,0.03381305937139029,-1.2415441461052297,-0.006914791725880868
2024-08-08,-0.0016375122008244808,-0.05014050783961365,-9.901415116633508,0.0034678729381790903
2024-08-09,0.0029632628963919003,0.04934241440402307,-1.860797687305881,0.00562677152118242
2024-08-12,0.008248831428231228,-0.023402646844012335,-6.252280407359569,0.012715131376511542
2024-08-13,-0.004153736383275163,0.056097884327616095,1.1191752954345415,0.007743165108802182
2024-08-14,0.006683304106247822,0.020369554673960757,13.052563126428813,0.0014986840762145138
2024-08-15,-0.011370783797570956,0.019579290559856244,4.375158858792894,-0.001265823127072457
2024-08-16,-0.004502282333814154,0.042509324156269866,-2.1918395717551005,0.00233222103715742
2024-08-19,-0.013117402641242318,-0.040564554588401004,-11.374182214321468,-0.00016642626290463877
2024-08-20,0.014912973812704918,-0.028305747617900282,-9.903070160751493,0.008780858996112691
2024-08-21,-0.0001520819648708859,-0.12048719130377677,-11.80706327832983,0.00566366384345394
2024-08-22,-0.009410997339193893,-0.030930860901742133,5.081779243805864,-0.005020566797595852
2024-08-23,-0.004380833374846905,-0.09956328830453853,-5.3554854503080325,-0.004125783205097604
2024-08-26,-0.0026824702494025743,-0.01012768393279591,0.43820181386973206,0.00820369142143563
2024-08-27,0.009306757287225124,-0.06703416645703798,-4.354099277796786,0.001848480808611051
2024-08-28,-0.02054327031640807,0.007086409422491572,0.6383757931145533,-0.0013905550541471277
2024-08-29,-0.013283675941130446,0.0317267514491018,9.811739916226182,0.007118016972815859
2024-08-30,-0.004715394270247462,-0.0994085799745414,-4.794621524821635,-0.0023255647031147943
2024-09-02,0.03311997582598148,-0.05692953659721755,-2.386687374596978,-0.001678653062917487
2024-09-03,0.01262382560291593,-0.06603183312847678,-5.6444073793117715,-0.0027670292473945157
2024-09-04,-0.0012488718287022662,0.05225453975549096,6.122024324635331,-0.011770035039496083
2024-09-05,0.009455994571340914,0.11944534191707774,-7.180020329399664,0.005185541941525956
2024-09-06,0.026946670205194367,0.05960756307588122,-7.930882711562754,-0.00725450674815953
2024-09-09,-0.002838671048080071,-0.02445932493893882,-9.71364075900137,-0.0034121563165293873
2024-09-10,-0.004563373473268282,0.102550447274529,-9.85931459933172,-0.004463231296407977
2024-09-11,0.015955266061884642,-0.10598754155088896,3.2962603706996156,0.004361943611804249
2024-09-12,0.006624281475728254,0.10495506364896644,17.983875141085914,-0.00041149669742353225
2024-09-13,0.008927331019193237,-0.045934994441127204,-6.967634214848724,9.249930218484175e-05
2024-09-16,-0.006406891190647547,-0.19462052506083025,6.660820763144114,-0.010076758763391678
2024-09-17,0.025214640720455646,0.18555633173593303,1.7577492917065949,-0.0005246222894081791
2024-09-18,0.02242468042071758,0.11046161520264931,-7.714157963763851,-0.00885799859928601
2024-09-19,0.007557321255345748,-0.07223186089840752,-1.9368968501889163,0.0018431819739851728
2024-09-20,0.009095767895914089,0.01183060533152119,-1.6304167296955083,0.0022003379609858353
2024-09-23,-0.026154391339159463,-0.015014961657724028,-4.834913241365586,-0.000104384896411178
2024-09-24,0.008490227315463707,0.007155456230645232,13.51424811598786,0.012258862115138408
2024-09-25,-0.0023234116339291996,-0.10383005062788635,-13.342843987600075,0.0031663734853533882
2024-09-26,0.005840774175766887,-0.04770457878667558,2.6672551373095295,0.0035749450502022234
2024-09-27,0.009071972353999272,0.032757289792333326,2.32067136443602,0.0008538681182960632
2024-09-30,-0.00423679298540758,0.015588731896890244,-4.057313387505531,-0.0011565484592296045
2024-10-01,-0.021776263402432095,0.08394669570046394,1.046520057627674,0.005795509563937392
2024-10-02,0.004982369345965054,0.005582518019896565,6.14323478087132,0.00660869725004853
2024-10-03,-0.009437987481725136,0.16444551801286,1.0691459480777232,-0.007806962169205092
2024-10-04,-0.004092523205416413,-0.05010120900180532,2.92127725778476,0.006326937628692933
2024-10-07,-0.007658627973224529,0.01815326743674805,4.850383532904921,0.003082939206163062
2024-10-08,-0.004240465318317444,-0.1341422527153427,-14.224391932915832,0.005764200436253602
2024-10-09,-0.02982377244445724,-0.08771931901351815,10.348646878301492,0.002797072684480644
2024-10-10,0.016020312654009723,0.09299681726519587,15.948127790754057,-0.007465618337819249
2024-10-11,0.0034934993302441616,-0.06599619372350599,6.865565376014173,-0.007037498704995395
2024-10-14,0.014648190417945232,0.037147262180100234,7.09565242910548,0.010947543174869697
2024-10-15,0.025937943787529165,-0.004323960014597913,-9.857728841216737,0.0015145432118822786
2024-10-16,0.0004937105933157597,-0.07311842703813001,-0.8289985795943569,-0.008503532964953204
2024-10-17,-0.023231671325927482,-0.024377449193101173,-5.684306688484885,0.0020887920006486455
2024-10-18,-0.0114205290549346,-0.035996354425270424,-4.110359822380621,-0.0021727416196445086
2024-10-21,-0.01548975825165723,-0.034115610792055634,6.7692583627658225,-0.011060483734809968
2024-10-22,-0.006324370360884987,0.05275257476492102,-5.627304110682581,-0.013741129030263042
2024-10-23,0.0012354237148577074,0.045664118809160624,-0.9107090488665913,-0.009616000165216873
2024-10-24,-0.025828434471302106,-0.04041979876389391,-13.360065049671896,0.0016307552557719336
2024-10-25,0.004652181413440179,-0.06349719626874548,-1.109024013338996,-0.0002884333086808134
2024-10-28,-0.01943463649271641,0.019763613416282032,0.6301173191994682,-0.0014949551437518258
2024-10-29,0.004065748416400147,-0.007001078822541754,-4.93353145697111,0.0017080689227757374
2024-10-30,-0.0012233848873007581,0.07197977237148463,-5.039207596064314,0.0036067825608780296
2024-10-31,-0.0038772061095035076,0.18587054994293745,13.204960201884989,-0.012615044637209975
2024-11-01,-0.0007495597272370715,0.05900471040973525,-8.468210001334558,-0.0018069070928699033
2024-11-04,-0.006817114204512001,-0.0024311189744944464,-7.354319300302707,-0.004967487902125707
2024-11-05,-0.007762128764254258,-0.012043077961534048,-5.663073327111159,-0.007399169866734972
2024-11-06,-0.021675833081295538,-0.059968588432491594,8.391733158304284,-0.0032832076683540026
2024-11-07,-0.00018515509304128022,-0.06346709490678093,14.71079710675213,-0.0007372325867656271
2024-11-08,0.024191938238103124,-0.07023908573507526,2.3252309622221654,-0.0015981387393576942
2024-11-11,0.025946435817499856,-0.027673461998376527,-5.021226111583552,-0.00872800388061435
2024-11-12,0.017383628755084254,-0.02990004120325879,-2.9941265279810145,-0.0028988970878556317
2024-11-13,0.009375420811070255,0.05206114945932792,7.453686222386429,0.012094997351543815
2024-11-14,-0.008594241613039847,-0.027929931050031845,-6.377475152389854,-0.006327329064278587
2024-11-15,0.018955760246811396,-0.01382148015052544,10.170626390555931,-0.010122557870987462
